TimeStamp,Delta_TP9,Delta_AF7,Delta_AF8,Delta_TP10,Theta_TP9,Theta_AF7,Theta_AF8,Theta_TP10,Alpha_TP9,Alpha_AF7,Alpha_AF8,Alpha_TP10,Beta_TP9,Beta_AF7,Beta_AF8,Beta_TP10,Gamma_TP9,Gamma_AF7,Gamma_AF8,Gamma_TP10,RAW_TP9,RAW_AF7,RAW_AF8,RAW_TP10,AUX_RIGHT,Accelerometer_X,Accelerometer_Y,Accelerometer_Z,Gyro_X,Gyro_Y,Gyro_Z,PPG_Ambient,PPG_IR,PPG_Red,Heart_Rate,HeadBandOn,HSI_TP9,HSI_AF7,HSI_AF8,HSI_TP10,Battery,Elements
2026-02-05 12:37:39.787,1.244580951141464,0.9016022056984128,1.120313636402428,1.555599830497667,1.137736557944012,0.4622321331056093,0.3798503118394194,1.796093803291327,1.234364453300897,0.8013971687805247,0.8845378045054954,1.886328507565817,0.912182382527262,0.6509994084400734,0.6794212530448268,1.418244602435409,0.2547074181934598,0.2287881814804602,0.3896137740474525,0.7373953053998915,870.7326007326008,778.0586080586081,868.3150183150184,906.996336996337,876.7765567765568,-0.119263,0.132446,0.991333,-0.089722,-2.325287,0.284119,410183.150183,82503223.443223,51604102.564103,107.720818,1.0,1.0,1.0,1.0,1.0,45.0,
2026-02-05 12:37:40.786,0.9997775894665212,0.6743401490499457,0.95454257335218,1.555599830497667,1.107626763635756,0.4251004925621187,0.4743279060290058,1.796093803291327,1.42587087645054,0.7977697689898144,0.8826379763551321,1.886328507565817,0.9988323043606434,0.6168499517997833,0.6881520512830324,1.418244602435409,0.3457077407159094,0.1888508324989214,0.46832886658525,0.7373953053998915,896.1172161172161,768.3882783882784,838.4981684981685,880.8058608058608,791.3553113553114,-0.12915,0.140259,0.992126,-0.613098,-0.620575,-0.396271,409377.289377,82379926.739927,51558974.358974,107.720818,1.0,1.0,1.0,1.0,1.0,45.0,
2026-02-05 12:37:41.787,1.181626109549534,0.339664099865956,0.8438065884173294,1.555599830497667,0.9684406998448278,-0.0302128959404547,0.4351962779182991,1.796093803291327,1.41134209498023,0.7977697689898144,0.8826379763551321,1.886328507565817,1.189037459989677,0.5143263359112586,0.8129894363488218,1.418244602435409,0.420267578820217,0.3044560820205906,0.4380705127516633,0.7373953053998915,862.2710622710623,770.8058608058608,846.1538461538462,878.7912087912089,852.6007326007326,-0.117981,0.143921,0.989746,-0.291595,-2.437439,0.635529,410183.150183,82270329.67033,51526739.92674,107.720818,1.0,1.0,1.0,1.0,1.0,45.0,
2026-02-05 12:37:42.793,1.422243856575389,0.6073412009548242,0.7564901754944858,1.555599830497667,1.006287171920789,0.4698326421151794,0.4190387501819622,1.796093803291327,1.134297718630251,0.7900963777113514,0.8880541911230817,1.886328507565817,1.278612064594359,0.5115747408242877,0.8266338734604752,1.418244602435409,0.4454873203551873,0.2676427469714682,0.5656561570652112,0.7373953053998915,865.4945054945056,773.6263736263736,842.9304029304029,821.1721611721612,711.978021978022,-0.124207,0.135071,0.995239,0.029907,-3.37204,0.381317,409377.289377,82325934.065934,51509010.989011,107.720818,1.0,1.0,1.0,1.0,1.0,45.0,
2026-02-05 12:37:43.787,1.437011771032453,0.5800072572182887,0.7674385922815636,1.452811203699196,0.9934083115714876,0.3175662630232082,0.5606445043284023,1.597459091128071,1.181825716373035,0.7532016058076133,0.885465412346524,1.925738695054422,0.8140415788408396,0.5652854672265842,0.7125148370403774,1.181681862451611,0.2516553833920654,0.2799098384454287,0.4897289079982129,1.0173954321422,864.2857142857143,750.6593406593407,805.4578754578755,895.3113553113553,882.014652014652,-0.117493,0.131653,0.993286,-0.994415,-2.048645,-0.643005,410989.010989,82376703.296703,51486446.886447,107.720818,1.0,1.0,1.0,1.0,1.0,45.0,
2026-02-05 12:37:44.787,1.085787589107963,0.7694403445998302,0.9669429011304402,1.222133582776186,0.6984312249425342,0.5154519928417717,0.7018754779614872,1.465913408587219,1.10144053528182,0.7523306948237813,0.8708662485152365,1.893897038451223,0.8860983097110195,0.5055622223588319,0.695095536544152,1.057191817365711,0.242675688216337,0.2953416311183331,0.4984956402264591,0.8181563626194346,863.8827838827839,765.9706959706959,846.1538461538462,864.2857142857143,698.6813186813187,-0.120911,0.136414,0.989563,-0.059814,-1.26358,1.039276,410183.150183,82272747.252747,51436483.516484,107.720818,1.0,1.0,1.0,1.0,1.0,45.0,
2026-02-05 12:37:45.787,0.8930845307656836,0.9909225484630604,1.058302837911627,0.91001682724585,0.6431327949389599,0.4749897909994569,0.8372330875618609,1.23275967919394,1.303078455966092,0.7523306948237813,0.8708662485152365,1.741877168384141,0.9791807293962131,0.5211147114839201,0.7145945167236362,1.116334310125865,0.4064322071330845,0.2079586787606229,0.4345468984842243,0.7113351048675023,851.7948717948718,783.2967032967033,859.8534798534798,856.2271062271062,805.8608058608058,-0.126282,0.134644,0.992249,0.710297,-2.198181,0.822449,410989.010989,82390402.930403,51455018.315018,107.720818,1.0,1.0,1.0,1.0,1.0,45.0,
2026-02-05 12:37:46.287,,,,,,,,,,0.7651785135064569,0.8869376950047286,,,,,,,,,,,,,,,,,,,,,,,,,,,,,,,/muse/elements/blink
2026-02-05 12:37:46.794,0.438582397635333,0.8721115367348338,0.6872460626072615,0.8809076007324085,0.5792579922011454,0.55840449946574,0.6932744426250677,1.223305926997558,1.275892263245998,0.7747618358391661,0.9024192607259097,1.669488016526798,0.957775770330603,0.4481193519961075,0.818046554361958,1.20049640116274,0.3858730854375705,0.2472671952313091,0.3292679424774167,0.6072350379985182,878.7912087912089,755.8974358974359,853.0036630036631,877.985347985348,861.4652014652015,-0.121826,0.135254,0.988708,0.029907,-1.271057,0.807495,410989.010989,82436336.996337,51467106.227106,107.720818,1.0,1.0,1.0,1.0,1.0,45.0,
2026-02-05 12:37:47.786,1.582568823952889,0.9853743469287992,1.047203742992798,0.7831979524999695,1.057476841283509,0.755431346336876,0.724767217660571,1.356773161834804,0.968338937382714,0.7747618358391661,0.9024192607259097,1.546932376939548,0.8188806433771606,0.4617876801119178,0.7210549380100338,1.179884648846057,0.314417463613452,0.3473179553480237,0.3850719907909629,0.6765574650951537,861.4652014652015,750.2564102564103,834.4688644688645,871.5384615384615,756.7032967032967,-0.126099,0.13031,0.990295,-0.16449,-2.071075,-1.166382,410989.010989,82500805.860806,51495311.355311,107.720818,1.0,1.0,1.0,1.0,1.0,45.0,
2026-02-05 12:37:48.786,1.328845144092428,0.3746841094531785,0.8329653475279848,1.008006171192055,0.8642392636234759,0.1952291441911485,0.6795702630114361,1.444547093631249,0.9858568188236266,0.7269313132632987,0.8813282753038054,1.305132474579694,0.8806281697334662,0.5418728019320396,0.687451426483116,0.7879722836902536,0.3617146840414923,0.1095107469265651,0.3255107858552956,0.7252330258935898,862.6739926739926,768.3882783882784,851.3919413919414,869.5238095238095,832.0512820512821,-0.122803,0.132019,0.988831,-0.70282,-1.345825,-1.07666,409377.289377,82524981.684982,51480000.0,107.720818,1.0,1.0,1.0,1.0,1.0,45.0,
2026-02-05 12:37:49.648,,,,,,,,,,0.704991066546466,0.8553105566214008,,,,,,,,,,,,,,,,,,,,,,,,,,,,,,,/muse/elements/blink
2026-02-05 12:37:49.790,0.4407665680051586,0.4271096571984426,0.8229134824886926,0.9897484529123388,0.8304141388053983,0.3063022430521498,0.8913657917195849,1.627755888474166,0.8645780991561769,0.6865992986567921,0.8477838172123253,1.472931998078814,0.8629413751214565,0.4901077716685515,0.6460762473992756,1.05618910189503,0.3853032334570642,0.1660689865660015,0.337933795041171,0.7972599860987777,850.1831501831502,770.0,841.7216117216118,853.8095238095239,919.0842490842492,-0.128052,0.134338,0.991394,0.336456,-0.381317,0.613098,409377.289377,82458901.098901,51421172.161172,107.720818,1.0,1.0,1.0,1.0,1.0,45.0,
2026-02-05 12:37:50.787,0.5035623360881092,0.6750358291085016,0.9763511776051028,1.155722809442496,0.9583944424377718,0.2973433606159633,0.8312717314600504,1.698945587586782,0.7432260879797514,0.6861316599368754,0.8386193679909301,1.395487677735071,0.8434531595659093,0.4604082221025654,0.6282690453115752,1.231269074299774,0.3987618387196067,0.2036538926477645,0.4924579993714358,0.7470866876757591,837.2893772893773,766.3736263736264,856.6300366300367,862.6739926739926,885.6410256410256,-0.123779,0.127747,0.997925,-0.119629,-2.15332,-1.166382,409377.289377,82466959.70696,51351062.271062,107.720818,1.0,1.0,1.0,1.0,1.0,45.0,
2026-02-05 12:37:51.792,1.011838305450067,0.5134012474239502,0.5097934456337458,0.858941381636794,0.7170239658651149,0.212987487922421,0.5073634219177482,1.614245575707241,1.179805084191267,0.69799684561181,0.8436793961221318,1.578743183593697,0.7970539548224513,0.4556454820057643,0.6349576945500341,0.8469454540902506,0.2434917895773753,0.2397922025424506,0.4401497274128757,0.4788822043143549,879.1941391941392,779.6703296703297,851.7948717948718,862.2710622710623,834.0659340659341,-0.116821,0.135925,0.991272,-0.583191,-1.345825,-1.196289,410989.010989,82325128.205128,51240659.340659,107.720818,1.0,1.0,1.0,1.0,1.0,45.0,
2026-02-05 12:37:52.214,,,,,,,,,,0.690731572584734,0.849734274926024,,,,,,,,,,,,,,,,,,,,,,,,,,,,,,,/muse/elements/blink
2026-02-05 12:37:52.794,1.309391734951748,0.6398705839377316,0.2856341492183236,1.057246825162566,1.663486896629983,0.5880039330519169,0.7442236275169544,1.598786569639246,1.978122790017915,0.6699100797795214,0.8411033201016701,1.28215900071585,0.8202599034618121,0.5523225582482164,0.6688742364994072,0.8830446186388855,0.3884667196284114,0.2364907580765314,0.4561195657539158,0.6601686953684929,882.014652014652,764.3589743589744,850.5860805860806,844.945054945055,863.8827838827839,-0.114624,0.132019,0.989136,-0.695343,-0.86731,-0.717773,410183.150183,82257435.897436,51199560.43956,107.720818,1.0,1.0,1.0,1.0,1.0,45.0,
2026-02-05 12:37:53.787,1.446687083038894,0.6525623228620575,0.7881710015700268,1.298498119569566,1.866468385730072,0.4236831924195701,0.7735972867741115,1.480754151868143,1.986832056942265,0.6423910659923031,0.7975982813636235,1.927094831013791,0.9462359112595072,0.4651708731755578,0.6814099377347655,1.317261798531314,0.4705087304745412,0.2175753468741068,0.4958774950059434,0.739213014107526,880.8058608058608,774.0293040293041,850.1831501831502,872.3443223443223,707.948717948718,-0.118225,0.126953,0.992126,-0.904694,-0.957031,-0.321503,408571.428571,82289670.32967,51181831.501832,107.720818,1.0,1.0,1.0,1.0,1.0,45.0,
2026-02-05 12:37:54.727,,,,,,,,,,0.622027304578726,0.7931346694977008,,,,,,,,,,,,,,,,,,,,,,,,,,,,,,,/muse/elements/blink
2026-02-05 12:37:54.787,1.067079653192222,0.5013737415976793,0.7051809631311144,1.098292366032549,1.062139330101191,0.2482906152033351,0.5708698164795836,1.425267521976472,0.936113488230374,0.5960797135981023,0.7748268400157184,1.615712341495833,0.8587396017562744,0.6101552730215978,0.5736207228466468,1.280317241653083,0.3006521314802956,0.2272434347219038,0.4392331909049368,0.7561388232870432,868.7179487179487,760.3296703296703,854.6153846153846,836.886446886447,776.8498168498169,-0.122314,0.134644,0.992065,-0.02243,-1.330872,1.016846,408571.428571,82250183.150183,51197948.717949,107.720818,1.0,1.0,1.0,1.0,1.0,45.0,
2026-02-05 12:37:55.787,0.8054414131234707,0.8815870499748004,0.9441442821465288,0.912444427055017,1.009128842460618,0.6179110886807184,0.4494408861414058,1.535266512625748,0.862309109516874,0.5505180681890981,0.8228125197086982,1.370704360636193,0.909496738496048,0.6526655082057515,0.8158905421796587,1.099573183107215,0.3605101975700877,0.4272539668530848,0.378245218402302,0.6786847647225919,881.6117216117217,784.5054945054945,843.7362637362637,863.8827838827839,971.868131868132,-0.119324,0.133667,0.988953,-0.231781,-2.407532,0.179443,408571.428571,82356556.776557,51254358.974359,107.720818,1.0,1.0,1.0,1.0,1.0,45.0,
2026-02-05 12:37:56.787,0.8773114327519518,0.913304305516617,1.120566192294077,1.170487813523325,0.6889529359320087,0.5690648504746756,0.5069504114348395,1.322795938291816,1.279933447779049,0.5098589078587561,0.8654763892821368,1.16428915685275,0.8519280749854472,0.6116764784853708,0.6971114551344917,0.9673050707644504,0.345373101264294,0.4785993829074343,0.3432689570246653,0.6279822409206716,880.8058608058608,787.7289377289378,855.4212454212454,865.4945054945056,764.3589743589744,-0.124268,0.135559,0.996216,-0.411224,-1.59256,0.194397,410183.150183,82464542.124542,51227765.567766,107.720818,1.0,1.0,1.0,1.0,1.0,45.0,
2026-02-05 12:37:57.787,0.882613076262289,0.7930917695960289,0.9690634902586148,1.228875377374921,0.7565109139023191,0.430103349084574,0.6381926505302895,1.338435285355968,1.270535541006661,0.5179027421675461,0.8690335117672573,1.14943867909092,0.8757373855939443,0.4281684757221112,0.6057081785802685,0.9906290356139684,0.4396032140353156,0.4352038009048402,0.4242309500685703,0.6176854895023567,834.4688644688645,757.1062271062272,856.6300366300367,801.025641025641,745.4212454212454,-0.109497,0.132996,0.996277,-0.059814,-1.61499,0.381317,409377.289377,82416190.47619,51226959.70696,107.720818,1.0,1.0,1.0,1.0,1.0,45.0,
2026-02-05 12:37:58.787,1.326823778486728,0.6511801588462197,1.088431251464236,1.228875377374921,1.219196129392546,0.4606750787594117,0.7847298596273432,1.338435285355968,1.429359696877063,0.504872093983601,0.8641546566315693,1.14943867909092,0.9982429155243732,0.4767271134035055,0.7699084790369166,0.9906290356139684,0.5262291830552102,0.3626394545263864,0.3860725593785937,0.6176854895023567,844.5421245421246,796.996336996337,840.9157509157509,861.4652014652015,834.4688644688645,-0.114746,0.13916,0.994873,-0.785065,-1.682281,-0.321503,410989.010989,82228424.908425,51147179.487179,107.720818,1.0,1.0,1.0,1.0,1.0,45.0,
2026-02-05 12:37:59.768,,,,,,,,,,0.5295444381520485,0.8689110822236904,,,,,,,,,,,,,,,,,,,,,,,,,,,,,,,/muse/elements/blink
2026-02-05 12:37:59.787,1.160914770290288,0.6563234315385643,0.9151788833388452,1.17533675871531,0.9219492120777054,0.3918362406708244,0.7188583078547527,1.68957710287048,1.053874352415059,0.5143776292330664,0.8812849964868263,1.935148201177735,0.9277638285375908,0.617888765714028,0.7187918499234915,1.406227259466547,0.3602888807059236,0.3394961909855569,0.3387253817486081,0.840389244263438,841.7216117216118,785.3113553113553,811.9047619047619,830.8424908424909,732.9304029304029,-0.120117,0.134766,0.99408,-0.717773,-1.40564,-0.598145,410183.150183,82108351.648352,51118168.498168,107.720818,1.0,1.0,1.0,1.0,1.0,45.0,
2026-02-05 12:38:00.786,1.176704224715478,0.8669770603222667,0.9692902956866212,1.373951003666355,0.751775018112508,0.4270590693221012,0.7522351056311674,1.779049016439195,0.9324796694870534,0.5292769300653535,0.8716355142746786,1.935148201177735,0.8979876078242494,0.6205516450235816,0.6142817956110311,1.406618531682214,0.3711990095809573,0.3328803896335322,0.3077905161210767,0.9020934371322792,877.5824175824176,778.0586080586081,874.3589743589744,871.941391941392,761.941391941392,-0.114136,0.131287,0.994873,-0.007477,-1.398163,0.672913,410989.010989,81936703.296703,51128644.688645,107.720818,1.0,1.0,1.0,1.0,1.0,45.0,
2026-02-05 12:38:01.787,0.7833795122830892,1.096767908517003,1.087620057162133,1.478315190680054,0.9383125190776116,0.6648378173599179,0.3166930042528583,1.705340761858844,0.9438028003786132,0.5150561564011408,0.8439088768566552,1.783714431276633,0.7418705039905356,0.3883307815404706,0.6992773076029953,1.296316029108408,0.3578235276413764,0.5925935777260053,0.3385383563538205,0.826392829552412,836.886446886447,803.8461538461539,813.1135531135532,810.6959706959707,870.3296703296703,-0.116089,0.130432,0.984497,-0.807495,-2.310333,-1.024323,410183.150183,81695750.915751,51178608.058608,107.720818,1.0,1.0,1.0,1.0,1.0,45.0,
2026-02-05 12:38:02.541,,,,,,,,,,0.486922428394287,0.8242479980019558,,,,,,,,,,,,,,,,,,,,,,,,,,,,,,,/muse/elements/blink
2026-02-05 12:38:02.787,0.8124169095186017,1.06818103872721,1.132201989105536,1.361659460168556,0.9294421103764252,0.6437504965317408,0.7650021328384167,1.213841017375443,1.443414986985264,0.5000036049474219,0.8090149399451132,1.834246911531101,0.7887526651731868,0.4761452755440778,0.7486111827111666,1.260349575870242,0.4273455129774881,0.5811178691795734,0.4135940219369988,0.7615686266707429,843.3333333333334,782.4908424908425,865.4945054945056,865.4945054945056,811.0989010989011,-0.12439,0.129761,0.986938,-1.487885,-1.742096,-1.555176,410183.150183,81738461.538462,51255970.695971,107.720818,1.0,1.0,1.0,1.0,1.0,45.0,
2026-02-05 12:38:03.787,1.157870015422249,1.036497713869338,0.8853662357980914,1.211553474895301,1.186829813983259,0.5985249240734073,0.9797257712994584,1.173053435015931,1.936556913267683,0.5450959714818372,0.8165963560724877,1.862450144522063,0.9349533917093132,0.5532444543804028,0.7115592264095744,1.218028246657444,0.4649673697128312,0.576379571449827,0.2343246546393017,0.6431986364746151,818.7545787545788,779.2673992673992,836.0805860805862,818.3516483516484,808.2783882783883,-0.115906,0.126892,0.993103,-0.299072,-0.657959,1.061707,409377.289377,81845641.025641,51353479.85348,107.720818,1.0,1.0,1.0,1.0,1.0,45.0,
2026-02-05 12:38:04.786,1.162177427885449,0.8550299840682399,0.9051603999347704,0.8853085358287167,1.221830243963119,0.6314922187562209,0.5806521480987472,0.9249772120524884,1.16403706771919,0.5535546734027937,0.8418807839072905,1.512942573221074,0.8821354358620546,0.4974208913449188,0.5768438215724094,1.104051001515323,0.3832225384011068,0.5224549497308228,0.3923451353595123,0.3647899532609848,842.5274725274726,772.4175824175825,832.0512820512821,826.4102564102565,762.3443223443223,-0.105469,0.123596,0.990173,-0.0,-2.29538,-0.814972,409377.289377,81886739.92674,51370402.930403,107.720818,1.0,1.0,1.0,1.0,1.0,45.0,
2026-02-05 12:38:05.687,,,,,,,,,,0.5606588078863723,0.8281992692121494,,,,,,,,,,,,,,,,,,,,,,,,,,,,,,,/muse/elements/blink
2026-02-05 12:38:05.787,0.8123175336372036,0.8184831152360169,1.125730445851516,1.320865491797856,0.5863510197202875,0.5270607201220113,0.8846577178342013,1.122621250951836,0.6747050876933178,0.5643180748619318,0.858616714587474,1.435908463041887,0.747545492004932,0.5286072980462981,0.6811745912776349,1.024769668966604,0.3839954021107096,0.5298126081613145,0.3240861493652565,0.5973841861563589,649.5238095238095,784.9084249084249,875.9706959706959,658.7912087912088,754.6886446886447,-0.11261,0.130676,0.995911,-0.007477,-1.988831,-0.201874,409377.289377,81939120.879121,51362344.322344,107.720818,1.0,1.0,1.0,1.0,1.0,45.0,
2026-02-05 12:38:05.969,,,,,,,,,,0.5629245390627996,0.8542163517661638,,,,,,,,,,,,,,,,,,,,,,,,,,,,,,,/muse/elements/blink
2026-02-05 12:38:06.786,0.8123175336372036,0.8232639669507338,1.2693369486461,1.370965045134239,0.5863510197202875,0.6868244780651053,0.8569265719111289,1.174918287267571,0.6747050876933178,0.5638773743878928,0.8746573698144509,1.37829150264358,0.747545492004932,0.501643701270011,0.6342598072952831,0.9963557059981072,0.3839954021107096,0.5684816284152538,0.2812586504886094,0.5943297480383319,859.8534798534798,786.1172161172161,853.8095238095239,836.886446886447,871.5384615384615,-0.12085,0.125427,0.989319,-0.082245,-1.80191,-0.119629,410989.010989,81905274.725275,51298681.318681,107.720818,1.0,1.0,1.0,1.0,1.0,45.0,
2026-02-05 12:38:07.787,0.9375345197016988,0.5761165251927013,1.16216296799054,1.370965045134239,0.617256092346703,0.547559906274168,0.6258992207329914,1.174918287267571,0.9236083535368906,0.5612703704453007,0.8818114662829095,1.37829150264358,0.5160480565353555,0.4888527794120172,0.5391481744774909,0.9963557059981072,-0.0186078109114769,0.3851752597300547,0.3314677125992752,0.5943297480383319,848.974358974359,763.1501831501831,836.0805860805862,810.2930402930403,784.9084249084249,-0.106445,0.119995,1.006104,0.044861,-2.168274,-0.493469,410989.010989,81845641.025641,51280146.520147,107.720818,1.0,1.0,1.0,1.0,1.0,45.0,
2026-02-05 12:38:08.721,,,,,,,,,,0.555201657651638,0.9025474934509957,,,,,,,,,,,,,,,,,,,,,,,,,,,,,,,/muse/elements/blink
2026-02-05 12:38:08.793,0.9324216049317984,0.8154640850393903,1.159551937808047,1.434714673925326,0.6907513119737708,0.4112528652336541,0.8611108440861219,1.29981415207691,0.8749090849809432,0.57316232123264,0.9011070847213419,1.155695965666447,0.6100888444915568,0.5433364747711363,0.5401875207906957,0.8449182269324347,0.0646994382554734,0.1900694290132945,0.3537337817021252,0.7663048507093978,890.4761904761905,760.3296703296703,840.5128205128206,879.1941391941392,728.901098901099,-0.118591,0.126648,1.001648,-1.016846,-1.61499,-0.598145,410989.010989,81682857.142857,51242271.062271,107.720818,1.0,1.0,1.0,1.0,1.0,45.0,
2026-02-05 12:38:09.787,1.059340112023388,1.138506108389548,1.169694616426755,1.378452164958199,0.8435436523133919,0.6739193151585179,0.993505695739298,1.271420062334749,0.8334190847824575,0.5771441030515361,0.8810062600737433,1.051437312545039,0.7021477903467024,0.597642212261636,0.678585602054684,0.8945409261621882,0.124902674696769,0.1536822333631078,0.175442091832307,0.6981180268443613,797.3992673992674,759.1208791208792,839.7069597069598,788.1318681318681,786.5201465201466,-0.114197,0.123291,0.997864,-0.097198,-1.532745,-0.224304,410183.150183,81523296.703297,51210842.490842,107.720818,1.0,1.0,1.0,1.0,1.0,45.0,
2026-02-05 12:38:10.022,,,,,,,,,,0.5964067241673342,0.8375053148672715,,,,,,,,,,,,,,,,,,,,,,,,,,,,,,,/muse/elements/blink
2026-02-05 12:38:10.786,1.362140529962185,0.7046870099013929,0.7700693559021452,1.378452164958199,1.212284245954697,0.3678703716757789,0.651689923435248,1.271420062334749,1.18404875014657,0.6331709706880876,0.7818392938892572,1.051437312545039,0.709609616482097,0.4392266119646046,0.5057540065725815,0.8945409261621882,0.2950195987260283,0.3731067583226176,0.4202987279037409,0.6981180268443613,855.0183150183151,782.0879120879121,842.9304029304029,828.8278388278388,797.3992673992674,-0.109314,0.126404,0.992798,0.485992,-2.355194,1.166382,411794.871795,81466886.446886,51250329.67033,107.720818,1.0,1.0,1.0,1.0,1.0,45.0,
2026-02-05 12:38:11.786,1.1261296253043,0.3447119191585503,0.5604211140102886,0.976741354741915,1.010910087194376,0.198424393850358,0.6426937862626411,0.9250881602294694,1.218030053834437,0.6235031044187669,0.7509765031395106,1.786998017714111,0.7665268668930679,0.5997143526522768,0.6360881259394473,1.064681510997603,0.1860417908888075,0.4106421983631071,0.516540983591329,0.524990172377391,857.032967032967,775.2380952380953,862.2710622710623,848.1684981684982,760.7326007326008,-0.109131,0.126831,0.991699,-0.321503,-1.218719,-1.196289,411794.871795,81417728.937729,51286593.406593,107.720818,1.0,1.0,1.0,1.0,1.0,45.0,
2026-02-05 12:38:12.562,,,,,,,,,,0.632366191465572,0.7623221920772385,,,,,,,,,,,,,,,,,,,,,,,,,,,,,,,/muse/elements/blink
2026-02-05 12:38:12.788,1.106498778697768,0.4472027031868971,0.8574639406302611,1.247055158688902,0.9728673314575684,0.3019099886923445,0.5748283293513544,1.077919741627056,1.072727583005221,0.6252763509716025,0.7484877722764911,1.79094291879158,0.8805533538806063,0.603451553799605,0.6258938688327279,1.004930934520724,0.0567407533380451,0.2656087742418552,0.4504212013576705,0.583372153722366,835.2747252747253,764.3589743589744,849.7802197802198,843.7362637362637,863.8827838827839,-0.112732,0.131348,0.991455,1.07666,-2.69165,0.934601,410989.010989,81445128.205128,51378461.538462,107.720818,1.0,1.0,1.0,1.0,1.0,45.0,
2026-02-05 12:38:13.401,,,,,,,,,,0.6305137530144482,0.7355418460322658,,,,,,,,,,,,,,,,,,,,,,,,,,,,,,,/muse/elements/blink
2026-02-05 12:38:13.786,1.157417910973373,0.559235093572847,0.9887677724693832,1.387634167028299,0.9799166289628372,0.3035752679711914,0.6958463438975967,1.289205186437337,1.219231831296079,0.6215676372892045,0.7354584362595705,1.394672683263714,0.7946881781018027,0.4204003389870677,0.6172297023158407,0.9876667115323496,0.4533343285768328,0.3201068468654826,0.3617820737394385,0.6019098396442502,844.945054945055,775.6410256410256,850.1831501831502,831.2454212454213,747.8388278388279,-0.116028,0.130127,0.999634,0.127106,-1.278534,1.046753,410183.150183,81433040.29304,51434871.794872,107.720818,1.0,1.0,1.0,1.0,1.0,45.0,
2026-02-05 12:38:14.786,1.154461868017403,0.5680713785258844,0.8731214878686012,1.273303447896552,1.018972376430612,0.57217581608978,0.6370501235733681,1.316924394029089,1.294477152527174,0.6160124305653912,0.7332306849734515,1.49852981480589,0.8309204856970157,0.4648340209148261,0.7188481430123833,0.9888429381094364,0.3410059134889837,0.3700890312836927,0.2874899982459035,0.658466861776465,828.021978021978,773.6263736263736,840.5128205128206,826.007326007326,644.6886446886447,-0.107727,0.126282,0.988098,-0.216827,-2.160797,-1.293488,409377.289377,81507179.487179,51446153.846154,107.720818,1.0,1.0,1.0,1.0,1.0,45.0,
2026-02-05 12:38:15.786,1.031662694109878,0.8511777806515676,0.9712574133541094,0.9028889216387962,0.917526026170884,0.6199186507683048,0.6802534707396222,1.102331853381307,1.114272055323312,0.6160124305653912,0.7332306849734515,1.490715156132762,0.8809103222998871,0.6062922278633502,0.6737127269921309,0.9639151107835284,0.2633850823135119,0.652779404771847,0.4427257033774865,0.586275426463611,837.2893772893773,782.4908424908425,838.901098901099,832.0512820512821,884.0293040293041,-0.11438,0.135193,0.99469,-0.269165,-1.495361,-0.777588,410989.010989,81552307.692308,51459853.479853,107.720818,1.0,1.0,1.0,1.0,1.0,45.0,
2026-02-05 12:38:16.309,,,,,,,,,,0.6309047437842847,0.7489703682904812,,,,,,,,,,,,,,,,,,,,,,,,,,,,,,,/muse/elements/blink
2026-02-05 12:38:16.543,,,,,,,,,,0.6491126260241739,0.7598327984240133,,,,,,,,,,,,,,,,,,,,,,,,,,,,,,,/muse/elements/blink
2026-02-05 12:38:16.789,1.188875013068951,0.9339771576169016,1.014199403604845,0.9284632968444596,1.121964302708702,0.3886152214282817,0.78444013267002,1.038418880411788,0.4485815931731708,0.6491126260241739,0.7598327984240133,1.065121106992864,1.013602602865877,0.6745808666453451,0.7506277165648219,0.8740579552881528,0.3894370305806993,0.5929773560574747,0.4363438402078852,0.5610037731522618,828.4249084249085,772.8205128205128,854.2124542124542,833.6630036630037,778.0586080586081,-0.110168,0.125,0.99054,0.097198,-2.183228,0.269165,410989.010989,81488644.688645,51408278.388278,107.720818,1.0,1.0,1.0,1.0,1.0,45.0,
2026-02-05 12:38:17.787,1.188875013068951,0.7340513908498553,0.6080352604202053,1.103883351379753,1.121964302708702,0.6020349630254452,0.5054662964943457,1.082159341759634,0.4485815931731708,0.6685091920483485,0.7774887778378518,0.9230287616259338,1.013602602865877,0.5406687482097691,0.6437639104999521,0.7803870671925758,0.3894370305806993,0.4093608007241328,0.3222119486805228,0.5117654926907543,849.7802197802198,773.6263736263736,837.2893772893773,834.0659340659341,699.4871794871796,-0.108948,0.128418,0.995728,-0.530853,-1.704712,-0.381317,411794.871795,81632087.912088,51500146.520147,107.720818,1.0,1.0,1.0,1.0,1.0,45.0,
2026-02-05 12:38:18.735,,,,,,,,,,0.6727068832029043,0.7441284768191629,,,,,,,,,,,,,,,,,,,,,,,,,,,,,,,/muse/elements/blink
2026-02-05 12:38:18.786,1.188875013068951,0.9004694805923982,0.634571139889213,0.6248711444996404,1.121964302708702,0.6049476864722207,0.5279897263278346,0.683923617071342,0.4485815931731708,0.6700616421195128,0.7309190120997929,0.8737078850469068,1.013602602865877,0.5324909647770129,0.654021259732816,1.127908317136628,0.3894370305806993,0.3079480005600655,0.3168429022395301,0.4519362174511053,814.7252747252747,770.0,832.4542124542124,797.8021978021978,863.8827838827839,-0.118835,0.13446,0.997375,0.732727,-1.398163,1.233673,410989.010989,81475750.915751,51405860.805861,107.720818,1.0,1.0,1.0,1.0,1.0,45.0,
2026-02-05 12:38:19.773,,,,,,,,,,0.6849741889644623,0.6878333067483178,,,,,,,,,,,,,,,,,,,,,,,,,,,,,,,/muse/elements/blink
2026-02-05 12:38:19.786,1.188875013068951,0.6387222241742854,0.6319035710928984,0.6248711444996404,1.121964302708702,0.6242212448166908,0.5010143751386453,0.683923617071342,0.4485815931731708,0.6849741889644623,0.6878333067483178,0.8737078850469068,1.013602602865877,0.615123529684622,0.7762910099002566,1.127908317136628,0.3894370305806993,0.3242198242997522,0.1207628690321263,0.4519362174511053,815.5311355311355,766.7765567765568,840.9157509157509,820.7692307692308,759.92673992674,-0.123779,0.122498,0.999512,-0.665436,-2.811279,-1.188812,410989.010989,81457216.117216,51356703.296703,107.720818,1.0,1.0,1.0,1.0,1.0,45.0,
2026-02-05 12:38:20.719,,,,,,,,,,0.7133418296346701,0.6788437987138788,,,,,,,,,,,,,,,,,,,,,,,,,,,,,,,/muse/elements/blink
2026-02-05 12:38:20.786,1.041380339812498,0.723650552207474,0.6933312721268153,1.527499099200597,0.908900979119054,0.5164127010746931,0.4896741018025323,1.582558284742433,1.244280500931801,0.7188476012173853,0.6715734062255979,1.471895659294867,0.763726776622188,0.6407957308560879,0.6749444922041125,1.205761037628706,0.2896112813970246,0.3085818202205021,0.1656303511753688,0.6532145457663402,836.4835164835165,772.014652014652,839.3040293040293,849.7802197802198,736.1538461538462,-0.119568,0.131409,0.991089,-0.852356,-1.472931,-0.88974,410989.010989,81519267.399267,51357509.157509,107.720818,1.0,1.0,1.0,1.0,1.0,45.0,
2026-02-05 12:38:21.786,1.207921777605063,0.5612812444083584,0.7315273630571691,1.465787492087525,1.112914995071246,0.5035278424607967,0.4801355071213156,1.367516846486471,1.308127230057269,0.7335174237032471,0.6719994373355163,1.401055324254078,0.846415880974452,0.5729736219568493,0.4862427047060743,1.075319544472094,0.2943292220418567,0.3300633741353359,0.3160613322790063,0.519571661203195,803.4432234432235,788.5347985347986,812.3076923076924,802.2344322344322,780.8791208791209,-0.113281,0.126221,0.99408,0.261688,-0.957031,0.710297,410989.010989,81531355.311355,51338974.358974,107.720818,1.0,1.0,1.0,1.0,1.0,45.0,
2026-02-05 12:38:21.955,,,,,,,,,,0.720876594919598,0.6553803628417995,,,,,,,,,,,,,,,,,,,,,,,,,,,,,,,/muse/elements/blink
2026-02-05 12:38:22.786,0.9711946724303294,0.5032114231184072,0.725189703083548,1.465761575455807,0.9915304853259508,0.5354820745531029,0.4275349089248796,1.267590626010348,1.238414352989955,0.720876594919598,0.6553803628417995,1.344745203956994,0.8979460094279229,0.5663098672896423,0.5324116856975369,0.944627586999054,0.1407505893983922,0.4120021339484631,0.3993600589358535,0.4113214545494551,838.4981684981685,757.9120879120879,821.5750915750916,815.5311355311355,853.0036630036631,-0.118347,0.13208,1.006287,0.732727,-1.824341,0.762634,410989.010989,81498315.018315,51309157.509158,107.720818,1.0,1.0,1.0,1.0,1.0,45.0,
2026-02-05 12:38:23.166,,,,,,,,,,0.7101369404053721,0.6433567170754618,,,,,,,,,,,,,,,,,,,,,,,,,,,,,,,/muse/elements/blink
2026-02-05 12:38:23.785,1.223826119665841,0.4964838025661681,0.7898860597956853,1.465761575455807,1.580920993270627,0.3429219121504724,0.6175265690783837,1.267590626010348,1.18240777279705,0.7045759735483872,0.6155337313441336,1.344745203956994,0.7801057390313825,0.5028227760034324,0.6906831570264816,0.944627586999054,0.2033158876545978,0.4407803704338546,0.3076298995890439,0.4113214545494551,820.3663003663004,775.2380952380953,838.0952380952381,815.1282051282052,647.5091575091575,-0.114014,0.13147,0.990479,0.171967,-1.644897,0.598145,411794.871795,81396776.556777,51336556.776557,107.720818,1.0,1.0,1.0,1.0,1.0,45.0,
2026-02-05 12:38:24.793,0.9949273214509706,0.7497049759894411,0.7450578495155289,0.9693819989474588,1.163291750196246,0.5142657137777846,0.6522146758838283,0.9937235410353508,1.152379321876768,0.691512975346632,0.614719259865347,1.344053736146882,0.752967001164519,0.635125527880804,0.7187449063468411,0.6781876908920155,0.2486309479254045,0.3446502017145524,0.3215335755898441,0.3301957564650144,833.6630036630037,785.7142857142858,847.3626373626374,841.3186813186813,902.1611721611722,-0.115784,0.130859,0.995544,-0.321503,-2.145844,-1.151428,411794.871795,81450769.230769,51351062.271062,107.720818,1.0,1.0,1.0,1.0,1.0,45.0,
2026-02-05 12:38:25.405,,,,,,,,,,0.6913706982557117,0.6173753005394844,,,,,,,,,,,,,,,,,,,,,,,,,,,,,,,/muse/elements/blink
2026-02-05 12:38:25.785,1.296609468642537,1.007354217885075,1.091705759416874,1.068850383088872,1.087890624658356,0.6001568988881235,0.7965433631897016,0.8581031850066443,1.324039889704169,0.6781448967714491,0.6160237333760914,0.9674489435550864,0.7894176428337377,0.6704953781020974,0.6808566025915649,0.6614757227740605,0.1881879721465129,0.3518709829884651,0.077876395822455,0.2981969130991074,832.4542124542124,778.0586080586081,828.8278388278388,842.1245421245421,776.4468864468864,-0.115906,0.126709,0.993774,-0.358887,-2.063599,0.16449,412600.732601,81366959.70696,51372820.512821,107.720818,1.0,1.0,1.0,1.0,1.0,45.0,
2026-02-05 12:38:26.785,1.138441293487344,0.7835790679004714,0.913405662467192,0.924493726686648,1.079100402917214,0.2720150883491658,0.5477192374171265,0.703596533619927,1.340565313146322,0.6799191811109028,0.612365587178566,1.010571704512491,0.8434702538281817,0.6778263413222144,0.6285772966991207,0.8861753725928125,0.1483462691065547,0.3029478793947735,0.4195353851633623,0.4624908117261863,821.5750915750916,774.8351648351648,824.3956043956044,807.0695970695971,661.2087912087912,-0.112488,0.128662,1.004639,-0.142059,-2.848663,-0.201874,411794.871795,81167912.087912,51378461.538462,107.720818,1.0,1.0,1.0,1.0,1.0,45.0,
2026-02-05 12:38:27.786,0.7855229816943631,0.6587254564137315,0.7753263896788971,1.099016713357049,0.8320206681513009,0.434729329671031,0.4901138213034072,0.7479580443250313,1.037509420015388,0.6799191811109028,0.612365587178566,1.134227534446669,0.8582668159279756,0.6325328279057539,0.6486847935747974,0.9401192867240732,0.1303446177712864,0.3165390427147644,0.3238064645495035,0.3958965586757717,834.4688644688645,778.4615384615385,830.4395604395604,837.6923076923077,869.5238095238095,-0.112427,0.127502,0.997498,-0.762634,-1.293488,-0.755157,411794.871795,81208205.128205,51417142.857143,107.720818,1.0,1.0,1.0,1.0,1.0,45.0,
2026-02-05 12:38:28.786,1.275857581382221,0.6264896946068417,0.4334838096676735,1.122826957489786,0.9781081119854624,0.2416004454270488,0.4699681105587824,0.9629687720581622,1.084050992681941,0.6839613625334912,0.6035294615940364,1.11491952842559,0.7292363250559883,0.6015677950218171,0.618119225368634,0.7625634888098703,0.1663771092178002,0.4312483002317915,0.2197861313851459,0.3388848132943655,842.5274725274726,772.8205128205128,835.6776556776557,839.3040293040293,880.0,-0.114868,0.125916,0.99585,0.142059,-0.583191,1.031799,412600.732601,81217875.457875,51459047.619048,107.720818,1.0,1.0,1.0,1.0,1.0,45.0,
2026-02-05 12:38:29.112,,,,,,,,,,0.6802722033495504,0.5868308946610029,,,,,,,,,,,,,,,,,,,,,,,,,,,,,,,/muse/elements/blink
2026-02-05 12:38:29.786,1.654154221462112,0.905606667387876,0.7467970890359057,1.308817493431236,1.206723727845179,0.5940713640127586,0.5857252277561176,1.050267784800236,1.073719515883285,0.6802722033495504,0.5868308946610029,1.061022182964902,0.6279776711509998,0.4802911355759236,0.5220829268489943,0.6338292793637346,0.2441615789580606,0.4233949428293965,0.2765577920276749,0.2280809048417869,823.1868131868132,762.3443223443223,823.5897435897436,825.6043956043957,712.7838827838829,-0.115173,0.127258,0.993774,0.246735,-2.714081,0.672913,410183.150183,81261391.941392,51470329.67033,107.720818,1.0,1.0,1.0,1.0,1.0,45.0,
2026-02-05 12:38:30.785,0.6244786778426433,0.5311477568917515,0.1986079264740172,0.729195651881332,0.8548080753723408,0.1751601079764148,0.564707909966617,0.911774032239204,1.198139518232653,0.6737537045949994,0.5950970200209447,0.8278198381916526,0.629130097233691,0.46818079232438,0.6612957805124067,0.5842385030856766,-0.0724256963389915,0.3014054822118915,0.3370713799951399,0.3004984525827101,861.8681318681319,784.1025641025641,801.4285714285714,833.6630036630037,736.5567765567765,-0.115845,0.131042,0.998901,0.35141,-1.540222,0.291595,412600.732601,81175970.695971,51467912.087912,107.720818,1.0,1.0,1.0,1.0,1.0,45.0,
2026-02-05 12:38:31.786,1.103658681426822,0.44565266103413,0.6582673571545411,1.222454929205333,0.7863601145264365,0.1838261839599802,0.5182852779262006,1.180496971332494,1.037409278822544,0.667970950028575,0.6123192427786951,1.03165940673561,0.6652618368422171,0.7009208746287213,0.6431992197345736,0.8168892085064298,0.0567908899380247,0.2068746140538741,0.1213968488590195,0.3602923042589077,805.054945054945,766.7765567765568,805.054945054945,798.2051282051282,760.7326007326008,-0.113159,0.124329,0.992859,0.568237,-2.714081,0.680389,410989.010989,81393553.113553,51517875.457875,107.720818,1.0,1.0,1.0,1.0,1.0,45.0,
2026-02-05 12:38:32.312,,,,,,,,,,0.6490639044238574,0.6251681997315373,,,,,,,,,,,,,,,,,,,,,,,,,,,,,,,/muse/elements/blink
2026-02-05 12:38:32.785,1.012746396169877,0.808839353838597,0.6424289650668596,1.556975466930633,0.7264369535359144,0.5744955258699974,0.6139787282021447,1.44464521688043,0.7427761279876193,0.6414816979003118,0.6252972039820415,0.9863309234146111,0.8018265970433963,0.5929717835224189,0.6623892444219107,1.017576740060191,0.2441829857704619,0.2667623580761364,0.2984816666884136,0.3455962846701549,829.2307692307693,794.1758241758242,830.8424908424909,827.6190476190476,756.3003663003664,-0.113708,0.120544,0.996948,0.029907,-0.994415,0.934601,410989.010989,81405641.025641,51441318.681319,107.720818,1.0,1.0,1.0,1.0,1.0,45.0,
2026-02-05 12:38:33.786,1.362972476376746,0.5877963865193366,0.4122075403212409,1.556975466930633,0.8146558484049946,0.3864468917587568,0.4322322432493875,1.44464521688043,0.9896362595886684,0.6294738939301733,0.6284541383601141,0.9863309234146111,0.650634323051615,0.5472979628196258,0.5861052863853964,1.017576740060191,0.1248331468617686,0.2605978017974129,0.3994621378973427,0.3455962846701549,680.5494505494506,815.1282051282052,836.4835164835165,663.6263736263736,815.5311355311355,-0.116272,0.124695,0.992371,0.919647,-1.75705,1.390686,410989.010989,81512014.652015,51458241.758242,107.720818,1.0,1.0,1.0,1.0,1.0,45.0,
2026-02-05 12:38:33.882,,,,,,,,,,0.618582693960373,0.629725095051165,,,,,,,,,,,,,,,,,,,,,,,,,,,,,,,/muse/elements/blink
2026-02-05 12:38:34.786,1.362972476376746,1.027694032378889,0.5574428636595744,1.556975466930633,0.8146558484049946,0.7579107869806428,0.4139424904783162,1.44464521688043,0.9896362595886684,0.6202872825450942,0.6437603834642225,0.9863309234146111,0.650634323051615,0.5951297217658368,0.5895658838922385,1.017576740060191,0.1248331468617686,0.1809924275662298,0.3406086772307132,0.3455962846701549,838.901098901099,770.4029304029305,809.8901098901099,847.7655677655678,983.5531135531136,-0.110779,0.123535,0.991638,-0.052338,-1.106567,0.942078,412600.732601,81331501.831502,51340586.080586,107.720818,1.0,1.0,1.0,1.0,1.0,45.0,
2026-02-05 12:38:35.786,0.9038495789417048,1.115816714316086,0.8552553836538347,1.556975466930633,0.5020684534597128,0.7871536273248405,0.5960240970138891,1.44464521688043,0.9996454956903504,0.6092152034475256,0.6546037190087876,0.9863309234146111,0.7588871937994323,0.4764473523210775,0.6993171167862314,1.017576740060191,0.2937115276706054,0.207136846716508,0.2519699179433386,0.3455962846701549,767.985347985348,780.0732600732601,817.948717948718,749.4505494505495,795.3846153846154,-0.120117,0.121033,0.998108,-0.239258,-1.742096,0.052338,411794.871795,81360512.820513,51318827.838828,107.720818,1.0,1.0,1.0,1.0,1.0,45.0,
2026-02-05 12:38:35.951,,,,,,,,,,0.6406130596003556,0.6734884040235078,,,,,,,,,,,,,,,,,,,,,,,,,,,,,,,/muse/elements/blink
2026-02-05 12:38:36.786,0.9663926717265096,0.8044324916662757,0.8391627794309751,1.556975466930633,0.5508012503053581,0.4307831284555052,0.5096690367004807,1.44464521688043,0.8629112891023103,0.6795366885685309,0.7200061435211355,0.9863309234146111,0.7307236835033146,0.5629161666826927,0.7789082726075536,1.017576740060191,0.3307653851618729,0.3293726452635753,0.2798492199724844,0.3455962846701549,832.0512820512821,776.0439560439561,814.7252747252747,827.2161172161173,852.1978021978023,-0.116638,0.124817,0.994324,-0.792542,-1.80191,-0.732727,412600.732601,81224322.344322,51312380.952381,107.720818,1.0,1.0,1.0,1.0,1.0,45.0,
2026-02-05 12:38:37.786,1.017587987815527,0.0707982460634464,0.3499512490359286,0.6678745833622419,0.4800350922964176,-0.1081793548499755,0.4003521407001244,0.7747854317358613,1.010362789094162,0.7007228554032395,0.7431687634094511,1.116996760085572,0.6875933096505957,0.5985140339967641,0.7858904875844106,0.8255318401792244,0.1562341862922408,0.4106902137648646,0.352811485138608,0.2465135748449095,817.5457875457876,785.7142857142858,794.1758241758242,817.5457875457876,875.9706959706959,-0.109009,0.119141,0.991882,0.18692,-1.659851,0.837402,411794.871795,81179194.139194,51257582.417582,107.720818,1.0,1.0,1.0,1.0,1.0,45.0,
2026-02-05 12:38:38.786,1.146607299105296,0.144083262182927,0.3079906484294321,1.100301687524094,0.8085963800644959,-0.0057971524061825,0.4224024983618643,0.8976810263177444,1.172708356999519,0.7146240418354514,0.7910511483885154,1.252576992075258,0.791397211869845,0.5690882516560568,0.7461255465582469,0.9206345028628772,0.3286341478426141,0.4133877128587847,0.4473649751886775,0.3392556739143079,843.3333333333334,783.2967032967033,806.6666666666667,839.3040293040293,734.945054945055,-0.112732,0.122803,0.999756,-0.553284,-2.272949,0.082245,411794.871795,81308131.868132,51289010.989011,107.720818,1.0,1.0,1.0,1.0,1.0,45.0,
2026-02-05 12:38:39.274,,,,,,,,,,0.7255271259585788,0.7801697152933675,,,,,,,,,,,,,,,,,,,,,,,,,,,,,,,/muse/elements/blink
2026-02-05 12:38:39.785,1.396255579572721,0.6452616780549805,0.9640603845342798,1.190962172410216,1.080146521176143,0.2562537532114235,0.5222997277933337,1.00730807800363,1.134224530946081,0.7230815682975616,0.7810669488871298,1.179069406562581,0.8045032802846172,0.4947663076527944,0.6475086842532639,0.8716134441490618,0.3364495562149069,0.252127701058353,0.3696221505278057,0.1967312855831966,813.5164835164835,788.9377289377289,803.040293040293,809.8901098901099,874.7619047619048,-0.114563,0.12146,0.993896,-0.837402,-1.749573,-0.157013,412600.732601,81258168.498168,51281758.241758,107.720818,1.0,1.0,1.0,1.0,1.0,45.0,
2026-02-05 12:38:40.353,,,,,,,,,,0.7318478132116388,0.7977931103062298,,,,,,,,,,,,,,,,,,,,,,,,,,,,,,,/muse/elements/blink
2026-02-05 12:38:40.785,1.479523851637222,0.8074085290665765,0.923420555194022,1.079645936667731,1.171380581842799,0.5734103136452221,0.6378424977158804,0.8596146869111453,1.032279587295955,0.7357607961921387,0.8117769127638896,1.074527012633942,0.7952153028986793,0.6352867514267938,0.44475912212104,0.8058063980034665,0.2176677293611624,0.2888669976582948,0.1678342403347816,0.0669141928107885,823.5897435897436,768.3882783882784,809.8901098901099,810.2930402930403,813.5164835164835,-0.108398,0.117798,1.004578,0.014954,-3.013153,-0.53833,410989.010989,81011575.091575,51187472.527473,107.720818,1.0,1.0,1.0,1.0,1.0,45.0,
2026-02-05 12:38:41.790,1.488102192513799,0.8066145759014955,0.3583526433337689,1.079645936667731,1.150373044279686,0.484020931827723,0.5317944762702677,0.8596146869111453,1.216401641133238,0.72414043155479,0.7989268976545316,1.074527012633942,0.6958417748480648,0.6166692026589643,0.5619442299044762,0.8058063980034665,0.2950626258706207,0.3567509499851076,0.3611133167917028,0.0669141928107885,815.934065934066,768.7912087912088,802.6373626373627,803.8461538461539,686.996336996337,-0.113525,0.117188,0.994446,-0.037384,-1.846771,0.104675,410989.010989,80926959.70696,51189084.249084,107.720818,1.0,1.0,1.0,1.0,1.0,45.0,
2026-02-05 12:38:42.786,1.459009522110648,0.7226195325820886,0.9724543393416653,1.079645936667731,1.21707276841784,0.5091430687370713,0.8495330444710701,0.8596146869111453,1.462890136746015,0.7057316073367992,0.7813312018580173,1.074527012633942,0.8117177005002345,0.612898775736798,0.5926480452399246,0.8058063980034665,0.2682951942650449,0.1232177441518426,0.4947712681744228,0.0669141928107885,797.3992673992674,776.0439560439561,782.0879120879121,801.025641025641,853.4065934065934,-0.11969,0.121826,0.996765,-0.097198,-0.934601,0.493469,410989.010989,80911648.351648,51171355.311355,107.720818,1.0,1.0,1.0,1.0,1.0,45.0,
2026-02-05 12:38:43.791,1.011794695583603,0.891817093411223,1.192507836299043,1.213998475679422,1.118166702155222,0.6431273372048052,0.794499500584128,1.410847714682021,1.901168881597378,0.6952334842219264,0.7960510048176775,1.956915440970392,0.823364543996834,0.5932406884728278,0.550207683268316,0.835532210274063,0.1147656022228539,0.1072546920310825,0.2306966061879386,0.4015337258185573,759.92673992674,773.6263736263736,789.7435897435897,761.941391941392,707.948717948718,-0.10907,0.113953,0.98938,-0.418701,-2.444916,-1.629944,410989.010989,80872967.032967,51095604.395604,107.720818,1.0,1.0,1.0,1.0,1.0,45.0,
2026-02-05 12:38:44.061,,,,,,,,,,0.7021893728000864,0.7958347634698221,,,,,,,,,,,,,,,,,,,,,,,,,,,,,,,/muse/elements/blink
2026-02-05 12:38:44.785,0.7844640178272222,0.9408636479695358,0.91193060223157,1.13964167505525,0.765413653783675,0.602724265608952,0.6142079189858807,1.047068114886287,1.568852551917105,0.7027535796050729,0.7933917277239935,1.620195557183676,0.5848282036139991,0.3988165361156826,0.7363007827321667,0.6384344554935111,0.0246097391130689,0.3517652811664985,0.22695261055001,0.2711155330197078,821.978021978022,787.3260073260074,822.7838827838829,833.2600732600733,773.2234432234433,-0.121948,0.12207,0.998962,-0.239258,-2.385101,-0.127106,412600.732601,80769010.989011,51072234.432234,107.720818,1.0,1.0,1.0,1.0,1.0,45.0,
2026-02-05 12:38:45.794,0.6113475274525361,0.1950526389682535,0.4940825682233348,0.5469979781657502,0.3590329252523504,0.081336592497137,0.1154270018315697,0.4938112524756702,1.021003796283872,0.7110208077126758,0.7891032538909072,0.8439260886078965,0.6704281218670062,0.5016277817880904,0.5601050850109562,0.9171066000178736,0.0840186906210713,0.4366335228063314,0.3467482480746271,0.2205253611821195,859.4505494505495,787.3260073260074,809.4871794871796,854.2124542124542,829.2307692307693,-0.118103,0.127136,0.997925,0.201874,-0.934601,0.493469,410989.010989,80728717.948718,51074652.014652,107.720818,1.0,1.0,1.0,1.0,1.0,45.0,
2026-02-05 12:38:46.786,1.089319662545938,0.0904504068126906,0.6604773913253983,0.6807572732215794,0.6333043643282293,0.2106692587881428,0.2980026091196943,0.6918280941371983,1.202801348300775,0.7242132348433152,0.755643940223097,1.204934494073147,0.7430928766785284,0.4702141096666429,0.5657260539854201,0.86586661027338,0.1415414006283868,0.424292104272246,0.3582618910477724,0.328891533181591,827.6190476190476,782.0879120879121,810.6959706959707,811.9047619047619,779.2673992673992,-0.115967,0.116821,0.9953,-0.142059,-2.123413,0.418701,410989.010989,80797216.117216,51068205.128205,107.720818,1.0,1.0,1.0,1.0,1.0,45.0,
2026-02-05 12:38:47.793,0.4214735379104606,0.2279964082708531,0.895346399888151,0.6788076733749876,0.6343681750971965,0.3839595855331561,0.4563645001640647,0.4016135769572129,1.239685550956156,0.7098961888896248,0.7211658608464468,1.154414570037968,0.653544542950277,0.4619463104750222,0.5523408881286291,0.5668842837407622,0.1675993401742382,0.2793006447757535,0.3024204726453831,0.2449652794644681,821.978021978022,769.5970695970697,805.8608058608058,817.948717948718,591.9047619047619,-0.120911,0.126343,0.996582,-0.097198,-1.689758,-0.037384,410183.150183,80748864.468864,51066593.406593,107.720818,1.0,1.0,1.0,1.0,1.0,45.0,
2026-02-05 12:38:48.603,,,,,,,,,,0.7211089474600061,0.7082637708531355,,,,,,,,,,,,,,,,,,,,,,,,,,,,,,,/muse/elements/blink
2026-02-05 12:38:48.786,0.5916833513758275,0.3867166586763341,0.8296085598701937,1.07834492147669,0.544618320939542,-0.0300022797024286,0.5265844698850642,0.5615733684840809,1.055240123661575,0.7211089474600061,0.7082637708531355,0.7709813631478245,0.6625901098758956,0.4887177049534008,0.5323554058367657,0.7292901600181406,0.1034660704054857,0.1842659795539176,0.3238690065342238,0.3035038502079355,803.040293040293,784.1025641025641,793.7728937728938,819.5604395604396,966.6300366300368,-0.118591,0.12085,0.996582,-0.792542,-1.420593,-0.91217,412600.732601,80752893.772894,51062564.102564,107.720818,1.0,1.0,1.0,1.0,1.0,45.0,
2026-02-05 12:38:49.786,0.6633343701763212,0.3254370414869217,0.584568079368532,1.127054560405043,0.5408096682282559,0.1448646205985543,0.5788095898671426,0.738193292929034,0.8485398689169015,0.738633809279832,0.6820149118118994,0.5445964511974324,0.6736032723332334,0.5608865304560963,0.5052679369111249,0.8948048628367568,0.1085078103105454,0.3161760533542548,0.2828521952318839,0.4408143094968887,815.1282051282052,794.5787545787546,785.7142857142858,803.4432234432235,864.2857142857143,-0.121033,0.123718,0.995667,-0.067291,-1.07666,0.403748,412600.732601,80834285.714286,51127032.967033,107.720818,1.0,1.0,1.0,1.0,1.0,45.0,
2026-02-05 12:38:50.668,,,,,,,,,,0.7411996474025911,0.6544643725236785,,,,,,,,,,,,,,,,,,,,,,,,,,,,,,,/muse/elements/blink
2026-02-05 12:38:50.790,0.6633343701763212,0.7348267272446435,0.9140769774238664,1.127054560405043,0.5408096682282559,0.6186616016674314,0.8921057031049945,0.738193292929034,0.8485398689169015,0.720803589394169,0.6285699677023142,0.5445964511974324,0.6736032723332334,0.4754478133935081,0.4535258983849885,0.8948048628367568,0.1085078103105454,0.3201149735055892,0.1719467593007337,0.4408143094968887,808.2783882783883,772.4175824175825,803.040293040293,809.0842490842491,748.2417582417582,-0.109802,0.117432,0.993652,-0.388794,-3.364563,-1.353302,411794.871795,80786739.92674,51104468.864469,107.720818,1.0,1.0,1.0,1.0,1.0,45.0,
2026-02-05 12:38:51.786,0.6633343701763212,0.7734527989367085,0.8952633982359168,1.127054560405043,0.5408096682282559,0.5931741582332375,0.7912471697300733,0.738193292929034,0.8485398689169015,0.6726889636935336,0.5635912345644628,0.5445964511974324,0.6736032723332334,0.4401903054577923,0.424939737315027,0.8948048628367568,0.1085078103105454,0.4232612249970506,0.3343316181946029,0.4408143094968887,700.2930402930403,776.0439560439561,823.5897435897436,711.1721611721612,938.8278388278388,-0.109314,0.125366,0.990417,-0.493469,-2.078552,-0.56076,411794.871795,80735164.835165,51105274.725275,107.720818,1.0,2.0,1.0,1.0,2.0,45.0,
2026-02-05 12:38:52.023,,,,,,,,,,0.6516230618331308,0.5618091018020267,,,,,,,,,,,,,,,,,,,,,,,,,,,,,,,/muse/elements/blink
2026-02-05 12:38:52.795,0.6633343701763212,0.5276368564493658,0.5994732479809312,1.127054560405043,0.5408096682282559,0.4158537089791999,0.1556425203199114,0.738193292929034,0.8485398689169015,0.6352770789689803,0.5180808721274436,0.5445964511974324,0.6736032723332334,0.4535128255808225,0.3733227350865609,0.8948048628367568,0.1085078103105454,0.4923129807556205,0.3585744772646525,0.4408143094968887,812.7106227106227,778.4615384615385,792.5641025641025,806.2637362637363,822.7838827838829,-0.120422,0.12085,0.994629,0.441132,-2.108459,0.710297,410989.010989,80644908.424908,51044835.164835,107.720818,1.0,2.0,1.0,1.0,2.0,45.0,
2026-02-05 12:38:53.786,1.043441154839312,0.3219327583161209,0.3960768202777388,1.034896044026829,0.5727480664165588,0.3874351540374548,-0.0037362895229973,0.8090981440806851,0.7275581100775231,0.6326730724704058,0.5225001924486697,0.8593758965054334,0.591345502809142,0.3311743696938657,0.5241464699446613,0.7200645487409553,0.0915315655071887,0.3685535836810355,0.5724814364892574,0.398009415151252,819.96336996337,791.3553113553114,814.7252747252747,805.8608058608058,804.6520146520147,-0.105713,0.122375,0.995605,0.16449,-2.370148,0.37384,410183.150183,80551428.571429,51002930.40293,107.720818,1.0,1.0,1.0,1.0,1.0,45.0,
2026-02-05 12:38:54.786,0.9015235890843136,-0.0449853457185546,0.508980365822286,0.8077773428873852,0.6288520143058602,0.3407776554908075,0.3057190501211925,0.6704317255088349,0.8868918683936325,0.6286608804294833,0.5031339048235889,1.064531627799521,0.6716356189816723,0.4243510041392166,0.501891444201289,0.7097297990299445,0.217690731715568,0.4112305456495518,0.4160438426167202,0.467979798854057,868.3150183150184,770.8058608058608,776.0439560439561,856.6300366300367,727.6923076923077,-0.121521,0.123108,0.999329,-0.628052,-1.884155,-0.239258,410989.010989,80420073.260073,50993260.07326,107.720818,1.0,1.0,1.0,1.0,1.0,45.0,
2026-02-05 12:38:54.853,,,,,,,,,,0.6313275367249618,0.5183216010249964,,,,,,,,,,,,,,,,,,,,,,,,,,,,,,,/muse/elements/blink
2026-02-05 12:38:55.787,-0.4609989962319036,0.7183230931058392,0.8244785996572768,0.3158164262140833,0.1947168924532709,0.7371347164924082,0.5720506343269867,0.4280047370893336,0.6140002545121968,0.6263773175949255,0.5546533836763246,0.8980125807435881,0.7494202489167082,0.5194115581116027,0.5201772448437193,0.7252225011215033,0.3602378939287929,0.4036404595564777,0.3664711136163045,0.5527309270453487,832.8571428571429,796.1904761904763,798.6080586080586,837.2893772893773,927.5457875457876,-0.119934,0.122375,1.002869,-0.72525,-2.31781,-0.590668,411794.871795,80349157.509158,51010183.150183,107.720818,1.0,1.0,1.0,1.0,1.0,45.0,
2026-02-05 12:38:56.785,0.9695185548744384,0.2563826925126738,0.4834119617843974,0.997138217279828,0.4476304908707593,0.2195920406874831,0.2581787416823556,0.5979135851761324,0.7390347615333301,0.653689797265426,0.5533604414223403,0.7942995620428649,0.648513083723083,0.6667654063654805,0.5541396822373934,0.7675127385900435,0.2356727432140076,0.419253759557145,0.4021531999467949,0.3696168550240303,827.6190476190476,792.1611721611722,788.5347985347986,820.3663003663004,795.3846153846154,-0.118164,0.123779,0.996765,0.02243,-1.069183,0.463562,412600.732601,80417655.677656,51025494.505495,107.720818,1.0,1.0,1.0,1.0,1.0,45.0,
2026-02-05 12:38:57.785,0.8332486819919542,0.2713855785146781,0.1150059052336076,0.8263095495111701,0.3892299818179377,0.1739203476060361,0.1598577176345545,0.4468976716107199,0.7488892013445749,0.6545029247869272,0.5645299635366114,1.138976394487852,0.6198786623811685,0.7512686193838627,0.5696647553749916,0.7599891843427098,0.285950271306892,0.436787321418119,0.3521322716853362,0.3488668247950845,820.3663003663004,782.893772893773,797.3992673992674,826.8131868131868,788.5347985347986,-0.103821,0.122009,0.985474,-0.321503,-2.385101,-1.099091,411794.871795,80458754.578755,51067399.267399,107.720818,1.0,1.0,1.0,1.0,1.0,45.0,
2026-02-05 12:38:58.788,0.7106451992969244,0.245823159395322,0.0214601137111246,0.7891640713973185,0.5671951914858748,0.3357734146196898,-0.0392826198548724,0.6674842987784386,0.7558860840433294,0.6398568885308156,0.5483943972011713,1.241316479133463,0.7909189408548865,0.5457472653178755,0.6194834644079227,0.8157727785044192,0.2639260004213955,0.2797633833143034,0.2599063012200477,0.4775093629196715,813.5164835164835,775.2380952380953,805.054945054945,819.96336996337,803.040293040293,-0.113953,0.124084,1.001587,-0.35141,-2.564545,-0.949554,413406.593407,80569157.509158,51074652.014652,107.720818,1.0,1.0,1.0,1.0,1.0,45.0,
2026-02-05 12:38:59.785,0.9705979493308816,0.377212538935513,0.3586945040220176,0.9828912522155352,0.7032501320717016,0.1767633911368858,0.3220718668668177,0.9448706012860154,0.9159526812764096,0.6721917988732512,0.5720570481012915,0.9352671331450096,0.6729261797670626,0.4936232041815419,0.6826171479225707,0.7789326094818039,0.1237075068366607,0.2475209846221533,0.3448497938862125,0.3863391813432646,821.5750915750916,782.4908424908425,792.5641025641025,803.4432234432235,836.886446886447,-0.109436,0.12561,0.996826,0.134583,-0.979462,0.553284,411794.871795,80562710.622711,51070622.710623,107.720818,1.0,1.0,1.0,1.0,1.0,45.0,
2026-02-05 12:39:00.785,1.399255310996857,1.030085191673009,0.7089193704484369,1.13428815441696,0.9687295198692916,0.4091258969845602,0.6904484831295123,0.9664945116913556,0.8585756986663581,0.7058212233509564,0.5952178070307852,0.8962176750850037,0.4742929086908234,0.6350037621261857,0.6683498185160186,0.9196217600146366,-0.1998213373787451,0.3282934521062666,0.3786422639359563,0.4265845634522714,824.3956043956044,790.952380952381,792.5641025641025,825.6043956043957,838.4981684981685,-0.105042,0.117004,0.991211,-0.246735,-2.452393,-1.188812,411794.871795,80531282.051282,51055311.355311,107.720818,1.0,1.0,1.0,1.0,1.0,45.0,
2026-02-05 12:39:00.799,,,,,,,,,,0.7058212233509564,0.5952178070307852,,,,,,,,,,,,,,,,,,,,,,,,,,,,,,,/muse/elements/blink
2026-02-05 12:39:01.424,,,,,,,,,,0.7121894742385689,0.6267036244892199,,,,,,,,,,,,,,,,,,,,,,,,,,,,,,,/muse/elements/blink
2026-02-05 12:39:01.785,1.399255310996857,0.8655410856625547,0.6322051787107204,1.088887984023936,0.9687295198692916,0.5429213462531753,0.6347494376393004,0.9027295766979692,0.8585756986663581,0.7266703262886125,0.6544344012689252,0.7848343201781833,0.4742929086908234,0.595622210640644,0.6439121223830478,0.939991682466122,-0.1998213373787451,0.2310939771218747,0.4605358409415531,0.5462001947044858,803.4432234432235,768.3882783882784,788.1318681318681,794.1758241758242,878.7912087912089,-0.104858,0.130066,0.996948,0.02243,-2.542114,-0.029907,410989.010989,80495018.315018,51027912.087912,107.720818,1.0,1.0,1.0,1.0,1.0,45.0,
2026-02-05 12:39:02.789,1.399255310996857,0.8035066087169991,0.3707567722522507,1.088887984023936,0.9687295198692916,0.6898405943845074,0.623194313506521,0.9027295766979692,0.8585756986663581,0.7269686301996465,0.6709673084826042,0.7848343201781833,0.4742929086908234,0.4597366269610069,0.6520900119996204,0.939991682466122,-0.1998213373787451,0.309381025476779,0.3758859041728268,0.5462001947044858,815.934065934066,770.8058608058608,799.4139194139194,809.4871794871796,742.1978021978023,-0.109863,0.122925,0.990051,-0.994415,-2.071075,-0.605621,411794.871795,80398315.018315,50998901.098901,107.720818,1.0,2.0,1.0,1.0,2.0,45.0,
2026-02-05 12:39:03.785,0.8120632158487476,0.6320953786862576,0.6098609531966385,1.052243792713971,0.7663716551354439,0.3630943418858834,-0.1266706358193804,1.157901766524501,1.250828136357685,0.7269686301996465,0.6709673084826042,0.8073235226218691,0.6803835923097568,0.63432780332539,0.5365368292286821,0.7403677598240471,0.2530402771768639,0.3443998396318163,0.1587906766324818,0.4587979851079346,801.4285714285714,780.0732600732601,776.8498168498169,816.7399267399268,747.4358974358975,-0.112427,0.121948,0.990417,-0.112152,-0.53833,0.859833,411794.871795,80362051.282051,51014212.454212,107.720818,1.0,1.0,1.0,1.0,1.0,45.0,
2026-02-05 12:39:04.198,,,,,,,,,,0.702164699755138,0.6819908403941908,,,,,,,,,,,,,,,,,,,,,,,,,,,,,,,/muse/elements/blink
2026-02-05 12:39:04.785,0.8372396714813602,0.4321209596845778,0.3231149119228675,1.014232666752413,0.7153142071491815,0.290647582899715,-0.1825896895180732,1.07037612890361,0.6654907985964855,0.70322170735146,0.7065011726341608,0.8571307081154849,0.5182395250859148,0.6255887210273792,0.5340954921386144,0.733161753492497,0.2141150435598457,0.3824392099064547,0.2489276452798882,0.4614629810051765,835.6776556776557,767.985347985348,801.4285714285714,842.9304029304029,702.3076923076924,-0.104492,0.123047,0.995178,-0.194397,-2.355194,0.56076,410989.010989,80244395.604396,50989230.769231,107.720818,1.0,1.0,1.0,1.0,1.0,45.0,
2026-02-05 12:39:05.785,1.500665572878153,0.5979687548828425,0.5630243303799147,1.631500729371987,1.150444328111559,0.3668594112804595,0.4644053140339476,1.444665882713293,1.718564611443644,0.7032555358366568,0.7377161881201063,1.660078029355841,0.757908300190615,0.6340994453752995,0.6774369149347159,0.9858424108941176,-0.0373178796393899,0.3542069206484975,0.4006989261372598,0.122309941630217,793.7728937728938,777.6556776556777,789.7435897435897,806.2637362637363,782.0879120879121,-0.106262,0.126343,0.997803,-0.665436,-1.420593,-1.05423,411794.871795,80246813.186813,51049670.32967,107.720818,1.0,1.0,1.0,1.0,1.0,45.0,
2026-02-05 12:39:06.785,1.416679410096063,0.3243746713252595,0.7762320227384208,1.52096790743066,1.049761361615432,0.2877102440636334,0.5937353345862715,1.343604880617866,1.718564611443644,0.7214834837660388,0.7687291598201024,1.660144834135073,0.7445043485724758,0.5164243835788054,0.4215386330942329,0.9317864037272378,0.1450583223112182,0.3210733217686933,0.4167961789511311,0.2010301056988245,833.6630036630037,777.2527472527473,805.4578754578755,829.2307692307693,846.959706959707,-0.115906,0.122986,0.992371,-0.291595,-2.923431,-0.134583,410989.010989,80259706.959707,51064175.824176,107.720818,1.0,1.0,1.0,1.0,1.0,45.0,
2026-02-05 12:39:07.156,,,,,,,,,,0.7600683787499338,0.7920943647655639,,,,,,,,,,,,,,,,,,,,,,,,,,,,,,,/muse/elements/blink
2026-02-05 12:39:07.790,0.374992643549294,0.4484046912682643,0.556271745374451,1.334677974681632,0.320246233515393,0.5036335379491022,0.4706405432345035,1.126535644074242,0.3440190835181531,0.777908026265372,0.8237189208799292,1.306129752388351,0.6735764478897666,0.465067123870825,0.4134251689407945,0.924068400906075,0.3574947287904555,0.3064563854438036,0.2583579625349086,0.2766803603787334,850.989010989011,790.1465201465202,792.967032967033,843.3333333333334,739.7802197802198,-0.109985,0.125488,0.995544,0.007477,-0.800018,1.009369,411794.871795,80212967.032967,51052087.912088,107.720818,1.0,1.0,1.0,1.0,1.0,45.0,
2026-02-05 12:39:07.825,,,,,,,,,,0.777908026265372,0.8237189208799292,,,,,,,,,,,,,,,,,,,,,,,,,,,,,,,/muse/elements/blink
2026-02-05 12:39:08.787,0.374992643549294,0.7458101263612404,0.6112421462842862,1.334677974681632,0.320246233515393,0.7136858107150871,0.3133301726757237,1.126535644074242,0.3440190835181531,0.777908026265372,0.8237189208799292,1.306129752388351,0.6735764478897666,0.4572064192941326,0.5756545916058431,0.924068400906075,0.3574947287904555,0.4829720416152636,0.3016408506671868,0.2766803603787334,790.1465201465202,768.3882783882784,784.5054945054945,807.0695970695971,859.047619047619,-0.102661,0.12561,0.99231,0.583191,-2.31781,1.091614,411794.871795,80220219.78022,51115750.915751,107.720818,1.0,1.0,1.0,1.0,1.0,45.0,
2026-02-05 12:39:09.465,,,,,,,,,,0.7907669871330573,0.7939370949451472,,,,,,,,,,,,,,,,,,,,,,,,,,,,,,,/muse/elements/blink
2026-02-05 12:39:09.785,1.102090906906513,0.7263599625470865,0.6590994630879508,1.057138707293464,0.7287867088011262,0.3118661930114839,0.2209951758697631,0.7345125495477549,0.8247574023917259,0.824151663898577,0.7554569169666083,0.7978943564939537,0.5203832804801268,0.569426934078616,0.6203783465910385,0.6947750210823954,0.1406668787729899,0.48351151513101,0.3506837205326487,0.3845439494811698,813.1135531135532,785.3113553113553,784.1025641025641,822.7838827838829,873.956043956044,-0.109802,0.125061,0.995361,0.089722,-0.687866,0.545807,411794.871795,80158974.358974,51133479.85348,107.720818,1.0,1.0,1.0,1.0,1.0,45.0,
